{"cameraMode":{"drawMode":0,"name":"Shaded","section":"Shading Mode"},"sceneLighting":true,"audioPlay":false,"sceneViewState":{"m_AlwaysRefresh":false,"showFog":true,"showSkybox":true,"showFlares":true,"showImageEffects":true,"showParticleSystems":true,"showVisualEffectGraphs":true,"m_FxEnabled":true},"in2DMode":false,"pivot":{"x":-7.7157883644104,"y":10.048577308654786,"z":-0.26893505454063418},"rotation":{"x":0.10738594830036164,"y":-0.6106802225112915,"z":0.08408282697200775,"w":0.7800969481468201},"size":0.8660253882408142,"orthographic":true}