{"cameraMode":{"drawMode":0,"name":"Shaded","section":"Shading Mode"},"sceneLighting":true,"audioPlay":false,"sceneViewState":{"m_AlwaysRefresh":false,"showFog":true,"showSkybox":true,"showFlares":true,"showImageEffects":true,"showParticleSystems":true,"showVisualEffectGraphs":true,"m_FxEnabled":true},"in2DMode":false,"pivot":{"x":-0.5350178480148315,"y":15.46672534942627,"z":0.2827209234237671},"rotation":{"x":0.10946301370859146,"y":0.5079907178878784,"z":-0.06531894952058792,"w":0.8519618511199951},"size":0.5424584150314331,"orthographic":true}