{"cameraMode":{"drawMode":0,"name":"Shaded","section":"Shading Mode"},"sceneLighting":true,"audioPlay":false,"sceneViewState":{"m_AlwaysRefresh":false,"showFog":true,"showSkybox":true,"showFlares":true,"showImageEffects":true,"showParticleSystems":true,"showVisualEffectGraphs":true,"m_FxEnabled":true},"in2DMode":false,"pivot":{"x":-0.540980339050293,"y":15.474727630615235,"z":0.2827209234237671},"rotation":{"x":0.04425713047385216,"y":0.924355685710907,"z":-0.11317064613103867,"w":0.3618580400943756},"size":0.8660253882408142,"orthographic":true}