{"cameraMode":{"drawMode":0,"name":"Shaded","section":"Shading Mode"},"sceneLighting":true,"audioPlay":false,"sceneViewState":{"m_AlwaysRefresh":false,"showFog":true,"showSkybox":true,"showFlares":true,"showImageEffects":true,"showParticleSystems":true,"showVisualEffectGraphs":true,"m_FxEnabled":true},"in2DMode":false,"pivot":{"x":953.426025390625,"y":488.5504150390625,"z":-16.10152244567871},"rotation":{"x":0.029687363654375078,"y":0.00775077985599637,"z":0.00023054314078763127,"w":-0.9995839595794678},"size":715.7142333984375,"orthographic":true}