{"cameraMode":{"drawMode":0,"name":"Shaded","section":"Shading Mode"},"sceneLighting":true,"audioPlay":false,"sceneViewState":{"m_AlwaysRefresh":false,"showFog":true,"showSkybox":true,"showFlares":true,"showImageEffects":true,"showParticleSystems":true,"showVisualEffectGraphs":true,"m_FxEnabled":true},"in2DMode":false,"pivot":{"x":2.7641220092773439,"y":7.339039325714111,"z":-6.082220077514648},"rotation":{"x":-0.0008477903320454061,"y":0.9947722554206848,"z":-0.1021307036280632,"w":-0.00834717508405447},"size":1.8350300788879395,"orthographic":true}